epoch,train_loss,val_acc,f1_AgentTesla,f1_Formbook,f1_Lokibot,f1_Redline,f1_njRAT
1,5.009898552527795,0.5689655172413793,0.5714285714285714,0.6060606060606061,0.0,0.6956521739130435,0.7297297297297297
2,4.252933208759014,0.6379310344827587,0.6,0.6153846153846154,0.2597402597402597,0.7783783783783784,0.8253968253968254
3,3.951002304370587,0.6586206896551724,0.4968152866242038,0.5945945945945946,0.5211267605633803,0.9230769230769231,0.84375
4,3.6949160282428446,0.6827586206896552,0.49624060150375937,0.6744186046511628,0.5454545454545454,0.9370629370629371,0.84375
5,3.5642239497258115,0.696551724137931,0.5179856115107914,0.7142857142857143,0.5466666666666666,0.9436619718309859,0.8615384615384616
6,3.5164926052093506,0.7068965517241379,0.5070422535211268,0.7142857142857143,0.589041095890411,0.9436619718309859,0.8787878787878788
7,3.491975490863507,0.7034482758620689,0.5142857142857142,0.7317073170731707,0.5503355704697986,0.951048951048951,0.8787878787878788
8,3.476188751367422,0.7,0.4927536231884058,0.725,0.56,0.951048951048951,0.8695652173913043
9,3.4646155834198,0.7379310344827587,0.5797101449275363,0.759493670886076,0.5714285714285714,0.972972972972973,0.8823529411764706
10,3.4129212452815127,0.7103448275862069,0.6461538461538462,0.7142857142857143,0.2823529411764706,0.958904109589041,0.8857142857142857
11,3.3931622138390174,0.7517241379310344,0.6415094339622641,0.75,0.56,0.972972972972973,0.8823529411764706
12,3.3917094560769887,0.7586206896551724,0.5671641791044776,0.7894736842105263,0.6363636363636364,0.9798657718120806,0.8955223880597015
13,3.3751413271977353,0.7482758620689656,0.6052631578947368,0.7894736842105263,0.5915492957746479,0.9655172413793104,0.8923076923076924
14,3.364612285907452,0.7103448275862069,0.6105263157894737,0.725,0.3404255319148936,0.972972972972973,0.9117647058823529
15,3.3550771933335524,0.7379310344827587,0.6338797814207651,0.759493670886076,0.44660194174757284,0.972972972972973,0.9253731343283582
16,3.330959136669452,0.7448275862068966,0.5481481481481482,0.7792207792207793,0.6052631578947368,0.972972972972973,0.9117647058823529
17,3.3050042482522817,0.7482758620689656,0.6451612903225806,0.7792207792207793,0.4752475247524752,0.972972972972973,0.9117647058823529
18,3.318768758040208,0.7448275862068966,0.631578947368421,0.759493670886076,0.5087719298245614,0.972972972972973,0.9117647058823529
19,3.3384962448706994,0.7103448275862069,0.5747126436781609,0.7126436781609196,0.4230769230769231,0.972972972972973,0.9253731343283582
20,3.2879738991077128,0.7620689655172413,0.6027397260273972,0.7692307692307693,0.6187050359712231,0.972972972972973,0.927536231884058
21,3.2700073352226844,0.7689655172413793,0.6,0.759493670886076,0.6438356164383562,0.972972972972973,0.9552238805970149
22,3.2745260275327244,0.7310344827586207,0.6145251396648045,0.759493670886076,0.4380952380952381,0.972972972972973,0.927536231884058
23,3.3080453322483945,0.7551724137931034,0.6432748538011696,0.7692307692307693,0.5299145299145299,0.972972972972973,0.9393939393939394
24,3.2840157472170315,0.7482758620689656,0.6097560975609756,0.7469879518072289,0.5470085470085471,0.972972972972973,0.9411764705882353
25,3.255662991450383,0.7448275862068966,0.632768361581921,0.759493670886076,0.4909090909090909,0.972972972972973,0.9393939393939394
26,3.274634287907527,0.7551724137931034,0.5793103448275863,0.75,0.6142857142857143,0.972972972972973,0.9552238805970149
27,3.2684800258049598,0.7551724137931034,0.6557377049180327,0.7792207792207793,0.4807692307692308,0.972972972972973,0.9411764705882353
28,3.2225739038907566,0.7620689655172413,0.583941605839416,0.75,0.6666666666666666,0.9664429530201343,0.8857142857142857
29,3.1951152361356296,0.7689655172413793,0.6775956284153005,0.7792207792207793,0.5142857142857142,0.972972972972973,0.9552238805970149
30,3.2168009097759542,0.7689655172413793,0.5882352941176471,0.75,0.6577181208053692,0.972972972972973,0.9552238805970149
31,3.2022198897141676,0.7862068965517242,0.6212121212121212,0.7560975609756098,0.6933333333333334,0.972972972972973,0.9411764705882353
32,3.230120530495277,0.7413793103448276,0.6256983240223464,0.759493670886076,0.46296296296296297,0.972972972972973,0.9696969696969697
33,3.2115847881023702,0.7655172413793103,0.5671641791044776,0.7407407407407407,0.6711409395973155,0.972972972972973,0.9411764705882353
34,3.2003276348114014,0.7655172413793103,0.6703296703296703,0.7692307692307693,0.5094339622641509,0.972972972972973,0.9696969696969697
35,3.1619282318995547,0.7724137931034483,0.5714285714285714,0.7469879518072289,0.6883116883116883,0.972972972972973,0.927536231884058
36,3.176219885165875,0.7586206896551724,0.5483870967741935,0.7317073170731707,0.6883116883116883,0.9664429530201343,0.8732394366197183
37,3.158429292532114,0.7551724137931034,0.6395348837209303,0.759493670886076,0.5357142857142857,0.972972972972973,0.927536231884058
38,3.1874799728393555,0.7758620689655172,0.5954198473282443,0.7407407407407407,0.6797385620915033,0.972972972972973,0.9552238805970149
39,3.1695327025193434,0.7655172413793103,0.6629213483146067,0.7692307692307693,0.5321100917431193,0.972972972972973,0.9552238805970149
40,3.192271874501155,0.7724137931034483,0.5573770491803278,0.7469879518072289,0.6918238993710691,0.9664429530201343,0.9552238805970149
41,3.205883576319768,0.7551724137931034,0.546875,0.7317073170731707,0.6666666666666666,0.972972972972973,0.88
