scope,bin,x_min,x_max,x_median,count,n_correct,accuracy,wilson95_lo,wilson95_hi
seed42,1,0.869179,0.966829,0.950733,29,17,0.586207,0.407375,0.744871
seed42,2,0.967941,0.978342,0.975326,29,19,0.655172,0.473448,0.800595
seed42,3,0.978506,0.984144,0.981441,29,22,0.758621,0.578920,0.877817
seed42,4,0.984380,0.989582,0.986792,29,24,0.827586,0.654512,0.924023
seed42,5,0.989823,0.992371,0.991198,29,14,0.482759,0.313858,0.655693
seed42,6,0.992381,0.994280,0.993356,29,20,0.689655,0.507695,0.827246
seed42,7,0.994357,0.995234,0.994875,29,18,0.620690,0.440022,0.773122
seed42,8,0.995241,0.996685,0.995939,29,25,0.862069,0.694406,0.945026
seed42,9,0.996690,0.998005,0.997593,29,29,1.000000,0.883026,1.000000
seed42,10,0.998016,0.999364,0.998560,29,29,1.000000,0.883026,1.000000
pooled_seeds0-4,1,0.525167,0.967973,0.948683,145,87,0.600000,0.518672,0.676166
pooled_seeds0-4,2,0.968167,0.978369,0.974333,145,108,0.744828,0.668185,0.808832
pooled_seeds0-4,3,0.978380,0.983740,0.981161,145,108,0.744828,0.668185,0.808832
pooled_seeds0-4,4,0.983774,0.987923,0.986121,145,112,0.772414,0.697658,0.833107
pooled_seeds0-4,5,0.987935,0.991231,0.989561,145,121,0.834483,0.765522,0.886178
pooled_seeds0-4,6,0.991257,0.993519,0.992864,145,102,0.703448,0.624633,0.771762
pooled_seeds0-4,7,0.993522,0.994760,0.994032,145,104,0.717241,0.639068,0.784201
pooled_seeds0-4,8,0.994761,0.996303,0.995705,145,118,0.813793,0.742633,0.868755
pooled_seeds0-4,9,0.996305,0.998022,0.997486,145,97,0.668966,0.588877,0.740332
pooled_seeds0-4,10,0.998026,0.998958,0.998406,145,80,0.551724,0.470482,0.630297
