seed,file,exists
0,outputs/multi_seed/seed_0/behaviour_encoder.pt,True
0,outputs/multi_seed/seed_0/family_centroids.pt,True
0,outputs/multi_seed/seed_0/test_scores.csv,True
0,outputs/multi_seed/seed_0/test_report.json,True
1,outputs/multi_seed/seed_1/behaviour_encoder.pt,True
1,outputs/multi_seed/seed_1/family_centroids.pt,True
1,outputs/multi_seed/seed_1/test_scores.csv,True
1,outputs/multi_seed/seed_1/test_report.json,True
2,outputs/multi_seed/seed_2/behaviour_encoder.pt,True
2,outputs/multi_seed/seed_2/family_centroids.pt,True
2,outputs/multi_seed/seed_2/test_scores.csv,True
2,outputs/multi_seed/seed_2/test_report.json,True
3,outputs/multi_seed/seed_3/behaviour_encoder.pt,True
3,outputs/multi_seed/seed_3/family_centroids.pt,True
3,outputs/multi_seed/seed_3/test_scores.csv,True
3,outputs/multi_seed/seed_3/test_report.json,True
4,outputs/multi_seed/seed_4/behaviour_encoder.pt,True
4,outputs/multi_seed/seed_4/family_centroids.pt,True
4,outputs/multi_seed/seed_4/test_scores.csv,True
4,outputs/multi_seed/seed_4/test_report.json,True
42,outputs/single_run/behaviour_encoder.pt,True
42,outputs/single_run/family_centroids.pt,True
42,outputs/single_run/test_scores.csv,True
42,outputs/single_run/test_report.json,True
-,final_dna_v2.csv,True
-,data/final_dna_v2_vocab.json,True
-,data/held_out_families.csv,True
-,model.py,True
-,dataset.py,True
-,attribute.py,True
-,scripts/run_extraction.py,True
-,outputs/single_run/held_out_full_scores.csv,True
