seed,Model,Accuracy,F1_AgentTesla,F1_Formbook,F1_Lokibot,F1_Redline,F1_njRAT
0,"Transformer+SupCon
(Ours)",0.6828,0.4853,0.5676,0.5395,0.9664,0.8986
0,Transformer+CrossEntropy,0.7275862068965517,0.5522,0.6,0.6125,0.9664,0.9552
0,Transformer+MeanPool,0.6793,0.4965,0.5676,0.52,0.9726,0.8986
0,"TF-IDF+LogReg
(Baseline)",0.7414,0.6598,0.6133,0.5347,0.9726,0.9375
1,"Transformer+SupCon
(Ours)",0.7241,0.585,0.7632,0.5417,0.9524,0.8788
1,Transformer+CrossEntropy,0.7655172413793103,0.6222,0.7368,0.6581,0.9655,0.8986
1,Transformer+MeanPool,0.7379,0.5547,0.75,0.6027,0.9524,0.9143
1,"TF-IDF+LogReg
(Baseline)",0.7586,0.6965,0.625,0.5714,0.9796,0.8889
2,"Transformer+SupCon
(Ours)",0.7207,0.6145,0.6053,0.5345,0.966,0.88
2,Transformer+CrossEntropy,0.7068965517241379,0.5441,0.5758,0.5769,0.9412,0.9275
2,Transformer+MeanPool,0.6241,0.5034,0.4571,0.4091,0.8727,0.8788
2,"TF-IDF+LogReg
(Baseline)",0.7172,0.6603,0.4918,0.4255,0.96,0.9697
3,"Transformer+SupCon
(Ours)",0.7276,0.5821,0.64,0.6125,0.951,0.9118
3,Transformer+CrossEntropy,0.7379310344827587,0.6415,0.7027,0.5373,0.9664,0.9062
3,Transformer+MeanPool,0.7241,0.5942,0.6842,0.5563,0.9536,0.9062
3,"TF-IDF+LogReg
(Baseline)",0.6966,0.6337,0.5373,0.4808,0.9315,0.8852
4,"Transformer+SupCon
(Ours)",0.6793,0.4462,0.6053,0.557,0.953,0.8955
4,Transformer+CrossEntropy,0.7,0.568,0.642,0.4865,0.973,0.8451
4,Transformer+MeanPool,0.7172,0.5,0.6667,0.6234,0.966,0.8824
4,"TF-IDF+LogReg
(Baseline)",0.7138,0.6502,0.5846,0.4554,0.9459,0.9206
